weight,bias
2.5021651417489487e-16,-0.8491969429404154
