parameter,value
X_mean,101066.25
X_std,52674.24560550151
y_mean,6331.833333333333
y_std,1319.6541927360354
